"No","Fungsi","Method","Path","HTTP","ContentType","TimeSeconds","Hasil","Keterangan"
"1","Health","GET","/health","200","application/json","0.174721","LULUS","Domain produksi dapat dijangkau dan status API ok"
"2","Daftar poli","GET","/polis?limit=1","200","application/json","0.190096","LULUS","Endpoint publik dapat dibaca aplikasi"
"3","Kalender booking","GET","/mobile/booking/calendar?year=2026&month=7&poli_id=2","500","application/json","0.176781","GAGAL_BACKEND","Backend mengembalikan gagal mengambil kalender booking; migration tabel hari libur perlu diterapkan"
"4","Identitas sesi tanpa Bearer","GET","/auth/me","401","application/json","0.153457","LULUS_SECURITY","Request tanpa sesi ditolak: autentikasi diperlukan"
"5","Profil pasien tanpa Bearer","GET","/mobile/patient/profile","401","application/json","0.173366","LULUS_SECURITY","Endpoint pasien tidak dapat memakai identitas dari query tanpa sesi"
"6","Daftar booking publik yang dinonaktifkan","GET","/mobile/booking/general?limit=1","404","application/json","0.206638","SESUAI","Route sengaja tidak tersedia dan sudah dilepas dari UI"
"7","Daftar pasien legacy tanpa Bearer","GET","/pasiens?limit=1","404","application/json","0.146486","LULUS_SECURITY","Route legacy sensitif tidak tersedia pada produksi"
"8","Registrasi legacy tanpa Bearer","GET","/registrasis_dummy/search?limit=1","404","application/json","0.161127","LULUS_SECURITY","Route legacy sensitif tidak tersedia pada produksi"
"9","Antrian legacy tanpa Bearer","GET","/antrians/search?limit=1","404","application/json","0.157171","LULUS_SECURITY","Route legacy sensitif tidak tersedia pada produksi"
"10","Metadata tabel tanpa Bearer","GET","/tables","404","application/json","0.165504","LULUS_SECURITY","Route metadata internal tidak tersedia pada produksi"
