"No","Fungsi","Method","Path","HTTP","ContentType","TimeSeconds","Hasil"
"1","Health","GET","/health","403","text/html; charset=UTF-8","0.124909","GAGAL"
"2","Daftar tabel","GET","/tables","403","text/html; charset=UTF-8","0.102686","GAGAL"
"3","Metadata tabel","GET","/tables/polis","403","text/html; charset=UTF-8","0.396432","GAGAL"
"4","Cari pasien","GET","/pasiens?q=ahmad&limit=1&search_columns=nama,no_rm","403","text/html; charset=UTF-8","0.122317","GAGAL"
"5","Detail pasien","GET","/pasiens/0","403","text/html; charset=UTF-8","0.097140","GAGAL"
"6","Profil pasien","GET","/mobile/patient/profile?email=qa.invalid%40example.com&no_rm=000000","403","text/html; charset=UTF-8","0.614801","GAGAL"
"7","Kunjungan","GET","/mobile/patient/visits?email=qa.invalid%40example.com&no_rm=000000&limit=1","403","text/html; charset=UTF-8","0.437040","GAGAL"
"8","Resume medis","GET","/mobile/patient/medical-summaries?email=qa.invalid%40example.com&no_rm=000000&limit=1","403","text/html; charset=UTF-8","0.092599","GAGAL"
"9","PDF resume","GET","/mobile/patient/medical-summaries/0/pdf?email=qa.invalid%40example.com&no_rm=000000","403","text/html; charset=UTF-8","0.098160","GAGAL"
"10","Hasil lab","GET","/mobile/patient/laboratory-results?email=qa.invalid%40example.com&no_rm=000000&limit=1","403","text/html; charset=UTF-8","0.467751","GAGAL"
"11","Radiologi","GET","/mobile/patient/radiology-results?email=qa.invalid%40example.com&no_rm=000000&limit=1","403","text/html; charset=UTF-8","0.123423","GAGAL"
"12","Resep","GET","/mobile/patient/prescriptions?email=qa.invalid%40example.com&no_rm=000000&limit=1","403","text/html; charset=UTF-8","0.108150","GAGAL"
"13","Pegawai","GET","/pegawais?search=dr&limit=1","403","text/html; charset=UTF-8","0.098939","GAGAL"
"14","Jadwal dokter","GET","/jadwaldokters?q=Senin&limit=1","403","text/html; charset=UTF-8","0.111929","GAGAL"
"15","Poli","GET","/polis?q=Dalam&limit=1","403","text/html; charset=UTF-8","0.098816","GAGAL"
"16","Kamar mobile","GET","/mobile/hospital/room-availabilities?limit=1","403","text/html; charset=UTF-8","0.095759","GAGAL"
"17","Opsi booking","GET","/mobile/booking/options/2","403","text/html; charset=UTF-8","0.093703","GAGAL"
"18","Kalender booking","GET","/mobile/booking/calendar?year=2026&month=7&poli_id=2","403","text/html; charset=UTF-8","0.096465","GAGAL"
"19","Booking umum list","GET","/mobile/booking/general?limit=1","403","text/html; charset=UTF-8","0.116388","GAGAL"
"20","Booking saya","GET","/mobile/booking/general/mine?email=qa.invalid%40example.com&no_rm=000000&limit=1","403","text/html; charset=UTF-8","0.108919","GAGAL"
"21","Ketersediaan kamar generic","GET","/setting_ketersediaan_kamar?limit=1","403","text/html; charset=UTF-8","0.108605","GAGAL"
"22","Registrasi dummy","GET","/registrasis_dummy/search?limit=1","403","text/html; charset=UTF-8","0.098908","GAGAL"
"23","Antrian lokal","GET","/antrians/search?limit=1","403","text/html; charset=UTF-8","0.130957","GAGAL"
"24","Verifikasi email","GET","/auth/verify?token=invalid","403","text/html; charset=UTF-8","0.458062","GAGAL"
"25","Registrasi","POST","/auth/register","403","text/html; charset=UTF-8","0.100713","GAGAL"
"26","Login","POST","/auth/login","403","text/html; charset=UTF-8","0.100544","GAGAL"
"27","Verifikasi OTP login","POST","/auth/verify-otp","403","text/html; charset=UTF-8","0.102544","GAGAL"
"28","Verifikasi OTP baru","POST","/auth/verify-otp-new-user","403","text/html; charset=UTF-8","0.103514","GAGAL"
"29","Set password","POST","/auth/set-password","403","text/html; charset=UTF-8","0.106463","GAGAL"
"30","Lupa password","POST","/auth/forgot-password","403","text/html; charset=UTF-8","0.513187","GAGAL"
"31","Reset password","POST","/auth/reset-password","403","text/html; charset=UTF-8","0.098448","GAGAL"
"32","Klaim RM","POST","/auth/medical-record/request","403","text/html; charset=UTF-8","0.115275","GAGAL"
"33","Konfirmasi klaim RM","POST","/auth/medical-record/confirm","403","text/html; charset=UTF-8","0.567153","GAGAL"
"34","Buat booking","POST","/mobile/booking/general","403","text/html; charset=UTF-8","0.136179","GAGAL"
