"No", "Fungsi"                    , "Method", "Path"                                                                                                              , "HTTP", "ContentType"     , "TimeSeconds", "Bytes" , "ResponseRingkas"                          , "Hasil"
"1" , "Health"                    , "GET"   , "/health"                                                                                                           , "200" , "application/json", "0.010147"   , "87"    , "object"                                   , "LULUS"
"2" , "Daftar tabel"              , "GET"   , "/tables"                                                                                                           , "200" , "application/json", "0.020932"   , "72239" , "array=411"                                , "LULUS"
"3" , "Metadata tabel"            , "GET"   , "/tables/polis"                                                                                                     , "200" , "application/json", "0.005108"   , "5201"  , "object"                                   , "LULUS"
"4" , "Cari pasien"               , "GET"   , "/pasiens?q=ahmad&limit=1&search_columns=nama,no_rm"                                                                , "200" , "application/json", "0.015003"   , "1134"  , "array=1"                                  , "LULUS"
"5" , "Detail pasien"             , "GET"   , "/pasiens/{id-uji}"                                                                                                 , "200" , "application/json", "0.010373"   , "1231"  , "object"                                   , "LULUS"
"6" , "Profil pasien"             , "GET"   , "/mobile/patient/profile?email=[REDACTED]&no_rm=[REDACTED]"                                                         , "200" , "application/json", "0.273594"   , "196"   , "object"                                   , "LULUS"
"7" , "Kunjungan"                 , "GET"   , "/mobile/patient/visits?email=[REDACTED]&no_rm=[REDACTED]&limit=1"                                                  , "200" , "application/json", "0.634097"   , "352"   , "array=1"                                  , "LULUS"
"8" , "Resume medis"              , "GET"   , "/mobile/patient/medical-summaries?email=[REDACTED]&no_rm=[REDACTED]&limit=1"                                       , "200" , "application/json", "0.953916"   , "288"   , "array=1"                                  , "LULUS"
"9" , "PDF resume"                , "GET"   , "/mobile/patient/medical-summaries/{registrasi-uji}/pdf?email=[REDACTED]&no_rm=[REDACTED]"                          , "200" , "application/pdf" , "2.043940"   , "513348", "PDF binary"                               , "LULUS"
"10", "Hasil lab"                 , "GET"   , "/mobile/patient/laboratory-results?email=[REDACTED]&no_rm=[REDACTED]&limit=1"                                      , "200" , "application/json", "0.558566"   , "3169"  , "array=1"                                  , "LULUS"
"11", "Radiologi"                 , "GET"   , "/mobile/patient/radiology-results?email=[REDACTED]&no_rm=[REDACTED]&limit=1"                                       , "200" , "application/json", "0.218727"   , "746"   , "array=1"                                  , "LULUS"
"12", "Resep"                     , "GET"   , "/mobile/patient/prescriptions?email=[REDACTED]&no_rm=[REDACTED]&limit=1"                                           , "200" , "application/json", "0.708888"   , "772"   , "array=1"                                  , "LULUS"
"13", "Pegawai"                   , "GET"   , "/pegawais?search=dr&limit=1&columns=id,nama,kode_bpjs&search_columns=nama,kode_bpjs"                               , "200" , "application/json", "0.037022"   , "141"   , "array=1"                                  , "LULUS"
"14", "Jadwal dokter"             , "GET"   , "/jadwaldokters?q=Senin&limit=1&columns=id,dokter,poli,hari&search_columns=dokter,poli,hari"                        , "200" , "application/json", "0.082274"   , "198"   , "array=1"                                  , "LULUS"
"15", "Poli"                      , "GET"   , "/polis?q=Dalam&limit=1&columns=id,nama,kode_ruangan,kelas,kelompok&search_columns=nama,kode_ruangan,kelas,kelompok", "200" , "application/json", "0.007365"   , "166"   , "array=1"                                  , "LULUS"
"16", "Kamar mobile"              , "GET"   , "/mobile/hospital/room-availabilities?limit=1"                                                                      , "200" , "application/json", "2.533935"   , "6788"  , "items=16"                                 , "LULUS"
"17", "Opsi booking"              , "GET"   , "/mobile/booking/options/2"                                                                                         , "200" , "application/json", "0.025291"   , "1790"  , "object"                                   , "LULUS"
"18", "Kalender booking"          , "GET"   , "/mobile/booking/calendar?year=2026&month=7&poli_id=2"                                                              , "200" , "application/json", "0.216217"   , "11594" , "days=31"                                  , "LULUS"
"19", "Booking umum list"         , "GET"   , "/mobile/booking/general?all_dates=1&status=semua&limit=1"                                                          , "200" , "application/json", "0.264537"   , "688"   , "items=1"                                  , "LULUS"
"20", "Booking saya"              , "GET"   , "/mobile/booking/general/mine?email=[REDACTED]&no_rm=[REDACTED]&all_dates=1&limit=1"                                , "200" , "application/json", "0.039164"   , "55"    , "items=0"                                  , "LULUS"
"21", "Ketersediaan kamar generic", "GET"   , "/setting_ketersediaan_kamar?limit=1"                                                                               , "200" , "application/json", "0.048305"   , "236"   , "array=1"                                  , "LULUS"
"22", "Registrasi dummy"          , "GET"   , "/registrasis_dummy/search?limit=1"                                                                                 , "200" , "application/json", "0.020851"   , "1056"  , "array=1"                                  , "LULUS"
"23", "Antrian lokal"             , "GET"   , "/antrians/search?limit=1"                                                                                          , "200" , "application/json", "0.034283"   , "408"   , "array=1"                                  , "LULUS"
"24", "Verifikasi email"          , "GET"   , "/auth/verify?token=invalid"                                                                                        , "404" , "application/json", "0.004459"   , "51"    , "tabel tidak ditemukan"                    , "GAGAL"
"25", "Registrasi"                , "POST"  , "/auth/register"                                                                                                    , "400" , "application/json", "0.055066"   , "31"    , "email tidak valid"                        , "VALIDASI NEGATIF OK"
"26", "Login"                     , "POST"  , "/auth/login"                                                                                                       , "401" , "application/json", "0.003922"   , "42"    , "email atau no rm wajib diisi"             , "VALIDASI NEGATIF OK"
"27", "Verifikasi OTP login"      , "POST"  , "/auth/verify-otp"                                                                                                  , "401" , "application/json", "0.004062"   , "25"    , "invalid otp"                              , "VALIDASI NEGATIF OK"
"28", "Verifikasi OTP baru"       , "POST"  , "/auth/verify-otp-new-user"                                                                                         , "401" , "application/json", "0.034859"   , "29"    , "Email not found"                          , "VALIDASI NEGATIF OK"
"29", "Set password"              , "POST"  , "/auth/set-password"                                                                                                , "400" , "application/json", "0.003920"   , "32"    , "email not verified"                       , "VALIDASI NEGATIF OK"
"30", "Lupa password"             , "POST"  , "/auth/forgot-password"                                                                                             , "400" , "application/json", "0.004045"   , "31"    , "email is required"                        , "VALIDASI NEGATIF OK"
"31", "Reset password"            , "POST"  , "/auth/reset-password"                                                                                              , "400" , "application/json", "0.025686"   , "51"    , "email, otp, and password are required"    , "VALIDASI NEGATIF OK"
"32", "Klaim RM"                  , "POST"  , "/auth/medical-record/request"                                                                                      , "400" , "application/json", "0.004061"   , "51"    , "akun belum valid untuk mengubah no rm"    , "VALIDASI NEGATIF OK"
"33", "Konfirmasi klaim RM"       , "POST"  , "/auth/medical-record/confirm"                                                                                      , "400" , "application/json", "0.004561"   , "41"    , "otp klaim no rm tidak valid"              , "VALIDASI NEGATIF OK"
"34", "Buat booking"              , "POST"  , "/mobile/booking/general"                                                                                           , "400" , "application/json", "0.068486"   , "71"    , "identifier, email, atau no_rm wajib diisi", "VALIDASI NEGATIF OK"
