File,UkuranBytes,SHA256
Dokumen_UAT_SIPANTES_v1.0.docx,2452052,3D811D6C4BE48564DDE092CF68BD16BE10A01F880B9211653672C47F758D666A
Dokumen_UAT_SIPANTES_v1.0.pdf,565879,D82C3A79927C60076F8EDA51CA429EBE1EB2E47156359BFCF3127B028C0D6750
evidence/data/API_Web_Smoke_Test.csv,1707,EFCC2F2E6A976AC4A1589DF1B5C0DF7BCF6E4023579A56D3971BCA7B5F108FA1
evidence/data/Automated_Test_Results.csv,1093,309ED372CEE907B953D5AA124A81FD818D7BCECD3F2E729D6B340A3B8F92A421
evidence/data/Evidence_Manifest.csv,951,F87C06F54F8F1CD439BB764489F23A29CCE4CC25090F6C54918F621D33905B57
evidence/data/hasil_uji_34_operasi_origin.csv,9628,E42FFF96DA0258C40B371D7D07C702559969D4FDD2AABAF81DC22A4DA27F631C
evidence/data/hasil_uji_smoke_bearer_prod_2026-07-16.csv,1807,7D0122D0A8CD9D17AAEBB7BD93FB62B2973B749ABC6636B89BADF7773310E29A
evidence/data/UAT_Test_Cases.csv,3168,DD8BD98773ADE8F10997C5B453A68612D45F1434DC1EB9132EA75B8312815ED6
evidence/logs/build_release_summary.txt,436,6B3C88D3DB07A5957D3FE62C0D53CC34E1BBB0903EACAEBC3C5B71522D7E5EA4
evidence/logs/flutter_analyze.txt,98,6ECFF07DB7D487114F9F9B764ED91AA91D5BDD25ED3A0D9E24631EBC1199C559
evidence/logs/flutter_test.txt,2685,FB3CD0422DC14664A1A3DF1E4E000078AC20B373C357D8D3DF1A0917E7B7C232
evidence/logs/pdf_validation.txt,413,10CB10693765646F89674DBECB67E5E256F4C3BBC0F3DC69AB9F88FA7D51985E
evidence/screenshots/01_beranda.png,1069208,D2F025EE0423BB1C6C290127DFD95BB264EFD5DB100AB24035674CFC98141DDB
evidence/screenshots/02_pendaftaran_antrian.png,331205,645230E1E1862C9F9B6487E6AECE34A9050D6B2BE5DFEA4A5798BB4513E1F6DF
evidence/screenshots/03_poli_jadwal.png,321623,4FD8217B813AA7940053140C290C89BDEE24843C5ED96B0A176D183F8DCB8E4D
evidence/screenshots/04_ketersediaan_kamar.png,307381,F42872790A248BD54FFB331F83FFD56E2ED19D2761784DF1E96B35DDEF896159
evidence/screenshots/05_hapus_akun.png,317441,BCC031405788DB605BD6B939CE4F559E563A9F92A32AB30A2061D0991A4A5853
preview/preview_cover.png,148066,714DA17C7C7061DC6F9E32F7F87FEA7AE060B745B098EFB3729673BC91B38A18
preview/preview_evidence.png,175959,96D997FB46CC0C3F5D8495E47F289D77FC2C1372D68024DE8C4040D1ECD42763
README_UAT.txt,551,67707B0C014B4B7C2A06BA15B8858813A2F95BE3C612A1AC6AB2AD67E0916D91
